{
  "texture_size": [16, 16],
  "textures": {
    "0": "hardcorerevivemod:item/craftable_head",
    "particle": "minecraft:block/soul_sand"
  },
  "elements": [
    {
      "from": [4, 0, 4],
      "to": [12, 8, 12],
      "rotation": {"angle": 0, "axis": "y", "origin": [8, 4, 8]},
      "faces": {
        "north": {"uv": [0, 0, 16, 16], "texture": "#0"},
        "east": {"uv": [0, 0, 16, 16], "texture": "#0"},
        "south": {"uv": [0, 0, 16, 16], "texture": "#0"},
        "west": {"uv": [0, 0, 16, 16], "texture": "#0"},
        "up": {"uv": [0, 0, 16, 16], "texture": "#0"},
        "down": {"uv": [0, 0, 16, 16], "texture": "#0"}
      }
    }
  ],
  "display": {
    "thirdperson_righthand": {
      "rotation": [45, 45, 0],
      "translation": [0, 3, 0],
      "scale": [0.55, 0.55, 0.55]
    },
    "thirdperson_lefthand": {
      "rotation": [45, 45, 0],
      "translation": [0, 3, 0],
      "scale": [0.55, 0.55, 0.55]
    },
    "firstperson_righthand": {
      "rotation": [-12.5, -15, 0],
      "translation": [0, 1, 0]
    },
    "firstperson_lefthand": {
      "rotation": [-12.5, -15, 0],
      "translation": [0, 1, 0]
    },
    "ground": {
      "translation": [0, 2.5, 0],
      "scale": [0.55, 0.55, 0.55]
    },
    "gui": {
      "rotation": [30, 40, 0],
      "translation": [0, 3.5, 0],
      "scale": [1.1, 1.1, 1.1]
    },
    "head": {
      "translation": [0, 7.75, 0],
      "scale": [2, 2, 2]
    },
    "fixed": {
      "rotation": [0, 180, 0],
      "translation": [0, 4, 0]
    }
  }
}